<?xml version="1.0" encoding="utf-8"?>
<TEI xmlns="http://www.tei-c.org/ns/1.0">
  <teiHeader>
    <fileDesc>
      <titleStmt>
        <title>Толпа глухая</title>
      </titleStmt>
      <editionStmt>
        <edition>Толпа_глухая</edition>
        <respStmt>
          <resp>Editor</resp>
          <name>Вышки Студент</name>
        </respStmt>
      </editionStmt>
    </fileDesc>
  </teiHeader>
  <sourceDoc>
    <surfaceGrp>
      <surface n="Новый слой-правка">
        <graphic url="http://textograf.ru/api/Manuscripts/f4c47626-a490-4d20-8947-774b09ca77bd/7a81eb39-d962-4f1f-99a3-af4ad57a0651.jpg" width="1440px" height="1920px" />
        <zone ulx="1268.2464599609375" uly="159.49649047851562" lrx="1268.2464599609375" lry="102.62445068359375">
          <line>59</line>
        </zone>
        <zone ulx="344.64456176757812" uly="202.71923828125" lrx="344.64456176757812" lry="161.77137756347656">
          <line>33</line>
        </zone>
        <zone ulx="48.909954071044922" uly="270.9656982421875" lrx="48.909954071044922" lry="179.97042846679687">
          <line>9  <add place="above" /></line>
        </zone>
        <zone ulx="144.45497131347656" uly="270.9656982421875" lrx="144.45497131347656" lry="184.52018737792969">
          <line>
            <hi rend="underline">дек.</hi>
            <hi rend="underline">  </hi>
          </line>
        </zone>
        <zone ulx="290.04739379882812" uly="266.41592407226562" lrx="290.04739379882812" lry="204.99412536621094">
          <line>
            <hi rend="underline">1832 </hi>
            <hi rend="underline">       </hi>
          </line>
        </zone>
        <zone ulx="467.4881591796875" uly="266.41592407226562" lrx="467.4881591796875" lry="159.49649047851562">
          <line>
            <hi rend="underline"> С. П. б.</hi>
            <hi rend="underline">       </hi>
          </line>
        </zone>
        <zone ulx="688.15167236328125" uly="261.86614990234375" lrx="688.15167236328125" lry="148.12208557128906">
          <line>
            <hi rend="underline"> 7½ веч</hi>
          </line>
        </zone>
        <zone ulx="458.38861083984375" uly="393.80929565429687" lrx="458.38861083984375" lry="336.937255859375">
          <line>когда           </line>
        </zone>
        <zone ulx="669.95263671875" uly="389.259521484375" lrx="669.95263671875" lry="325.56283569335938">
          <line>толпа   </line>
        </zone>
        <zone ulx="879.24169921875" uly="382.43487548828125" lrx="879.24169921875" lry="307.36380004882812">
          <line>[с]&gt;г|л[ѣ]&gt;у|хая</line>
        </zone>
        <zone ulx="78.483413696289062" uly="475.70501708984375" lrx="78.483413696289062" lry="414.28323364257812">
          <line>Крылатой    </line>
        </zone>
        <zone points="426.5403,414.2832 424.2654,457.506 704.0758,450.6813 722.2749,407.4586">
          <line>новизны    </line>
        </zone>
        <zone ulx="738.19903564453125" uly="448.40643310546875" lrx="738.19903564453125" lry="400.63394165039062">
          <line>любовница    </line>
        </zone>
        <zone ulx="1070.331787109375" uly="439.30691528320313" lrx="1070.331787109375" lry="384.70974731445312">
          <line>слѣп&lt;ая&gt;</line>
        </zone>
        <zone points="114.8815,482.5297 96.68246,521.2026 251.3744,516.6529 299.1469,493.9041">
          <line>надме&lt;нныхъ&gt;    </line>
        </zone>
        <zone points="385.5924,491.6292 381.0427,509.8282 608.5308,514.378 594.8815,468.8804 419.7156,466.6055">
          <line>баловней   </line>
        </zone>
        <zone points="615.3555,493.9041 840.5687,487.0794 867.8673,459.7809 622.1801,448.4064 597.1564,459.7809">
          <line>кумиры</line>
        </zone>
        <zone ulx="845.11846923828125" uly="507.42596435546875" lrx="845.11846923828125" lry="485.81460571289062">
          <line>я</line>
        </zone>
        <zone points="89.85782,565.4354 123.981,522.2127 302.5592,493.7767 499.3365,518.8004 508.436,552.9236">
          <line>Любимцевъ		</line>
        </zone>
        <zone points="617.6303,526.7625 672.2275,499.4639 832.6066,499.4639 894.0284,513.1132 889.4787,539.2743 822.3697,559.7482 624.455,552.9236">
          <line>мѣняетъ     </line>
        </zone>
        <zone ulx="949.7630615234375" uly="551.7861328125" lrx="949.7630615234375" lry="489.2269287109375">
          <line> кажд&lt;ый&gt;     </line>
        </zone>
        <zone ulx="1170.426513671875" uly="521.07525634765625" lrx="1170.426513671875" lry="482.40228271484375">
          <line>день</line>
        </zone>
        <zone points="176.3033,565.4354 168.3412,587.0468 237.7251,587.0468 304.2851,579.0596 351.4692,573.3975 482.2749,568.8478 481.1375,551.7861">
          <line>на□  по ночамъ                 </line>
        </zone>
        <zone ulx="1163.6019287109375" uly="555.198486328125" lrx="1163.6019287109375" lry="519.93780517578125">
          <line>  день     </line>
        </zone>
        <zone points="303.6967,592.734 460.6635,595.0089 482.2749,572.2601 325.308,569.9852">
          <line>   стуча</line>
        </zone>
        <zone ulx="145.59242248535156" uly="648.4686279296875" lrx="145.59242248535156" lry="591.5965576171875">
          <line>И  </line>
        </zone>
        <zone points="212.7014,604.1085 210.4265,641.644 416.3033,632.5444 440.1896,598.4212">
          <line>падаютъ		   </line>
        </zone>
        <zone ulx="654.0284423828125" uly="622.3074951171875" lrx="654.0284423828125" lry="565.4354248046875">
          <line>съ_ступени     </line>
        </zone>
        <zone ulx="977.06158447265625" uly="627.99468994140625" lrx="977.06158447265625" lry="572.26007080078125">
          <line>на_ступень             </line>
        </zone>
        <zone ulx="234.31278991699219" uly="682.59185791015625" lrx="234.31278991699219" lry="637.09423828125">
          <line>Вчера </line>
        </zone>
        <zone ulx="358.29385375976562" uly="697.37860107421875" lrx="358.29385375976562" lry="646.1937255859375">
          <line>вѣнчанные                </line>
        </zone>
        <zone ulx="778.00946044921875" uly="667.80511474609375" lrx="778.00946044921875" lry="625.71978759765625">
          <line> ихъ</line>
        </zone>
        <zone points="169.4787,700.7909 207.0142,662.1179 310.5213,692.8288 291.1848,709.8904 172.891,717.8525">
          <line>Ихъ                      лет&lt;ятъ&gt;           </line>
        </zone>
        <zone ulx="922.4644775390625" uly="708.75299072265625" lrx="922.4644775390625" lry="647.3311767578125">
          <line>кумиры</line>
        </zone>
        <zone ulx="121.70616149902344" uly="745.15106201171875" lrx="121.70616149902344" lry="720.12738037109375">
          <line>летятъ                                 </line>
        </zone>
        <zone points="597.1564,706.4781 627.8673,678.0421 757.5355,682.5919 746.1611,707.6155 615.3555,721.2648">
          <line>лет^</line>
        </zone>
        <zone ulx="233.17535400390625" uly="815.67242431640625" lrx="233.17535400390625" lry="749.70086669921875">
          <line>Кумиры   </line>
        </zone>
        <zone ulx="514.12322998046875" uly="788.37384033203125" lrx="514.12322998046875" lry="740.601318359375">
          <line>ихъ       </line>
        </zone>
        <zone points="666.5403,751.9757 791.6588,711.0279 1004.36,741.7388 997.5355,787.2364 669.9526,791.7861">
          <line>увѣнча&lt;нные&gt;         </line>
        </zone>
        <zone ulx="1057.8199462890625" uly="782.6866455078125" lrx="1057.8199462890625" lry="722.40228271484375">
          <line>ею ––</line>
        </zone>
      </surface>
    </surfaceGrp>
  </sourceDoc>
</TEI>